Customer_ID,Customer_Name,Email,Product,Quantity,Price_Per_Item,Total_Price,Purchase_Date,Season
CUST_0001,Name CUST_0001,cust_0001@demo.example,Pants,1,114.33,114.33,2024-02-27,Summer
CUST_0001,Name CUST_0001,cust_0001@demo.example,Shoes,1,105.38,105.38,2024-03-12,Spring
CUST_0001,Name CUST_0001,cust_0001@demo.example,Shirt,4,93.32,373.28,2024-04-22,Summer
CUST_0001,Name CUST_0001,cust_0001@demo.example,Accessory,1,89.45,89.45,2024-04-29,Winter
CUST_0001,Name CUST_0001,cust_0001@demo.example,Shirt,3,95.31,285.93,2024-07-02,Winter
CUST_0001,Name CUST_0001,cust_0001@demo.example,Jacket,1,146.29,146.29,2024-10-01,Spring
CUST_0001,Name CUST_0001,cust_0001@demo.example,Shoes,3,126.46,379.38,2024-10-09,Fall
CUST_0001,Name CUST_0001,cust_0001@demo.example,Shirt,2,109.23,218.46,2024-10-22,Summer
CUST_0001,Name CUST_0001,cust_0001@demo.example,Shirt,4,16.39,65.56,2024-10-29,Summer
CUST_0001,Name CUST_0001,cust_0001@demo.example,Pants,4,58.95,235.8,2024-12-23,Summer
CUST_0001,Name CUST_0001,cust_0001@demo.example,Jacket,3,26.11,78.33,2025-01-25,Spring
CUST_0001,Name CUST_0001,cust_0001@demo.example,Pants,3,147.96,443.88,2025-01-30,Spring
CUST_0002,Name CUST_0002,cust_0002@demo.example,Shoes,2,138.01,276.02,2024-02-03,Fall
CUST_0002,Name CUST_0002,cust_0002@demo.example,Accessory,4,66.6,266.4,2024-04-18,Winter
CUST_0002,Name CUST_0002,cust_0002@demo.example,Dress,4,99.72,398.88,2024-05-22,Summer
CUST_0002,Name CUST_0002,cust_0002@demo.example,Dress,3,40.91,122.73,2024-07-08,Spring
CUST_0002,Name CUST_0002,cust_0002@demo.example,Accessory,4,49.25,197.0,2024-08-24,Summer
CUST_0002,Name CUST_0002,cust_0002@demo.example,Pants,2,85.71,171.42,2024-11-07,Summer
CUST_0002,Name CUST_0002,cust_0002@demo.example,Shirt,3,128.31,384.93,2024-12-16,Summer
CUST_0002,Name CUST_0002,cust_0002@demo.example,Jacket,1,123.1,123.1,2025-02-24,Fall
CUST_0003,Name CUST_0003,cust_0003@demo.example,Accessory,2,98.59,197.18,2024-02-26,Winter
CUST_0003,Name CUST_0003,cust_0003@demo.example,Shirt,2,82.31,164.62,2024-04-22,Spring
CUST_0003,Name CUST_0003,cust_0003@demo.example,Shoes,2,46.03,92.06,2024-05-15,Fall
CUST_0003,Name CUST_0003,cust_0003@demo.example,Jacket,4,135.9,543.6,2025-01-17,Fall
CUST_0004,Name CUST_0004,cust_0004@demo.example,Jacket,4,64.66,258.64,2024-02-02,Fall
CUST_0004,Name CUST_0004,cust_0004@demo.example,Shoes,4,124.61,498.44,2024-02-13,Summer
CUST_0004,Name CUST_0004,cust_0004@demo.example,Pants,4,142.67,570.68,2024-03-06,Fall
CUST_0004,Name CUST_0004,cust_0004@demo.example,Accessory,1,143.63,143.63,2024-08-20,Fall
CUST_0004,Name CUST_0004,cust_0004@demo.example,Shirt,2,82.06,164.12,2024-09-13,Fall
CUST_0004,Name CUST_0004,cust_0004@demo.example,Shoes,4,145.08,580.32,2024-09-27,Summer
CUST_0004,Name CUST_0004,cust_0004@demo.example,Shirt,1,105.88,105.88,2024-10-10,Fall
CUST_0004,Name CUST_0004,cust_0004@demo.example,Shirt,3,79.43,238.29,2024-11-02,Fall
CUST_0004,Name CUST_0004,cust_0004@demo.example,Pants,2,33.09,66.18,2024-11-23,Spring
CUST_0004,Name CUST_0004,cust_0004@demo.example,Jacket,3,27.39,82.17,2025-01-28,Summer
CUST_0004,Name CUST_0004,cust_0004@demo.example,Pants,3,45.04,135.12,2025-02-17,Spring
CUST_0005,Name CUST_0005,cust_0005@demo.example,Shirt,1,109.68,109.68,2024-01-04,Summer
CUST_0005,Name CUST_0005,cust_0005@demo.example,Shirt,4,112.49,449.96,2024-02-01,Summer
CUST_0005,Name CUST_0005,cust_0005@demo.example,Shirt,1,130.63,130.63,2024-02-04,Summer
CUST_0005,Name CUST_0005,cust_0005@demo.example,Jacket,4,60.89,243.56,2024-02-19,Winter
CUST_0005,Name CUST_0005,cust_0005@demo.example,Shirt,3,75.84,227.52,2024-04-03,Winter
CUST_0005,Name CUST_0005,cust_0005@demo.example,Pants,2,86.01,172.02,2024-04-08,Winter
CUST_0005,Name CUST_0005,cust_0005@demo.example,Pants,4,123.43,493.72,2024-05-04,Spring
CUST_0005,Name CUST_0005,cust_0005@demo.example,Pants,4,41.56,166.24,2024-05-22,Winter
CUST_0005,Name CUST_0005,cust_0005@demo.example,Accessory,4,149.33,597.32,2024-06-08,Fall
CUST_0005,Name CUST_0005,cust_0005@demo.example,Pants,1,93.19,93.19,2024-06-22,Summer
CUST_0005,Name CUST_0005,cust_0005@demo.example,Pants,4,28.7,114.8,2024-08-12,Spring
CUST_0005,Name CUST_0005,cust_0005@demo.example,Accessory,1,104.92,104.92,2025-01-08,Spring
CUST_0005,Name CUST_0005,cust_0005@demo.example,Shoes,1,18.98,18.98,2025-02-17,Spring
CUST_0006,Name CUST_0006,cust_0006@demo.example,Jacket,4,48.6,194.4,2024-01-02,Fall
CUST_0006,Name CUST_0006,cust_0006@demo.example,Pants,4,136.54,546.16,2024-04-19,Winter
CUST_0006,Name CUST_0006,cust_0006@demo.example,Jacket,2,34.95,69.9,2025-01-20,Winter
CUST_0007,Name CUST_0007,cust_0007@demo.example,Shirt,1,115.22,115.22,2024-01-30,Spring
CUST_0007,Name CUST_0007,cust_0007@demo.example,Shirt,1,129.49,129.49,2024-01-30,Spring
CUST_0007,Name CUST_0007,cust_0007@demo.example,Dress,2,104.42,208.84,2024-05-13,Summer
CUST_0007,Name CUST_0007,cust_0007@demo.example,Accessory,4,30.06,120.24,2024-05-15,Fall
CUST_0007,Name CUST_0007,cust_0007@demo.example,Jacket,1,97.47,97.47,2024-10-23,Fall
CUST_0007,Name CUST_0007,cust_0007@demo.example,Shoes,4,81.39,325.56,2024-10-26,Summer
CUST_0007,Name CUST_0007,cust_0007@demo.example,Shoes,2,67.72,135.44,2024-12-11,Summer
CUST_0007,Name CUST_0007,cust_0007@demo.example,Dress,4,33.36,133.44,2024-12-22,Summer
CUST_0008,Name CUST_0008,cust_0008@demo.example,Pants,2,62.99,125.98,2024-02-05,Winter
CUST_0008,Name CUST_0008,cust_0008@demo.example,Pants,2,81.81,163.62,2024-02-07,Fall
CUST_0008,Name CUST_0008,cust_0008@demo.example,Shirt,4,126.45,505.8,2024-02-17,Spring
CUST_0008,Name CUST_0008,cust_0008@demo.example,Dress,3,81.75,245.25,2024-04-14,Spring
CUST_0008,Name CUST_0008,cust_0008@demo.example,Accessory,1,134.78,134.78,2024-05-15,Summer
CUST_0008,Name CUST_0008,cust_0008@demo.example,Accessory,3,95.47,286.41,2024-05-19,Fall
CUST_0008,Name CUST_0008,cust_0008@demo.example,Shoes,1,13.29,13.29,2024-06-10,Spring
CUST_0008,Name CUST_0008,cust_0008@demo.example,Accessory,3,96.41,289.23,2024-10-05,Spring
CUST_0008,Name CUST_0008,cust_0008@demo.example,Shirt,3,140.58,421.74,2024-12-07,Summer
CUST_0009,Name CUST_0009,cust_0009@demo.example,Accessory,1,142.42,142.42,2024-02-27,Summer
CUST_0009,Name CUST_0009,cust_0009@demo.example,Accessory,4,146.39,585.56,2024-06-30,Summer
CUST_0009,Name CUST_0009,cust_0009@demo.example,Accessory,2,106.13,212.26,2024-07-02,Spring
CUST_0009,Name CUST_0009,cust_0009@demo.example,Dress,2,17.77,35.54,2024-08-08,Spring
CUST_0009,Name CUST_0009,cust_0009@demo.example,Shoes,1,127.17,127.17,2024-10-06,Summer
CUST_0009,Name CUST_0009,cust_0009@demo.example,Jacket,4,88.13,352.52,2025-01-14,Spring
CUST_0009,Name CUST_0009,cust_0009@demo.example,Dress,2,99.92,199.84,2025-01-29,Summer
CUST_0010,Name CUST_0010,cust_0010@demo.example,Jacket,4,42.7,170.8,2024-01-20,Fall
CUST_0010,Name CUST_0010,cust_0010@demo.example,Shirt,2,133.64,267.28,2024-03-24,Summer
CUST_0010,Name CUST_0010,cust_0010@demo.example,Shirt,2,120.66,241.32,2024-05-16,Winter
CUST_0010,Name CUST_0010,cust_0010@demo.example,Accessory,2,42.76,85.52,2024-06-05,Summer
CUST_0010,Name CUST_0010,cust_0010@demo.example,Jacket,3,119.97,359.91,2025-01-12,Summer
CUST_0011,Name CUST_0011,cust_0011@demo.example,Shirt,2,62.26,124.52,2024-01-01,Fall
CUST_0011,Name CUST_0011,cust_0011@demo.example,Dress,1,133.03,133.03,2024-01-15,Summer
CUST_0011,Name CUST_0011,cust_0011@demo.example,Dress,3,131.28,393.84,2024-06-17,Fall
CUST_0011,Name CUST_0011,cust_0011@demo.example,Shoes,3,72.22,216.66,2024-06-25,Spring
CUST_0011,Name CUST_0011,cust_0011@demo.example,Accessory,2,47.15,94.3,2024-07-16,Winter
CUST_0011,Name CUST_0011,cust_0011@demo.example,Shoes,3,17.28,51.84,2024-10-24,Winter
CUST_0011,Name CUST_0011,cust_0011@demo.example,Shirt,3,103.55,310.65,2024-11-15,Fall
CUST_0011,Name CUST_0011,cust_0011@demo.example,Shoes,4,105.77,423.08,2024-11-24,Fall
CUST_0012,Name CUST_0012,cust_0012@demo.example,Pants,2,104.85,209.7,2024-02-17,Summer
CUST_0012,Name CUST_0012,cust_0012@demo.example,Jacket,1,18.38,18.38,2024-03-16,Spring
CUST_0012,Name CUST_0012,cust_0012@demo.example,Accessory,4,57.01,228.04,2024-06-07,Fall
CUST_0012,Name CUST_0012,cust_0012@demo.example,Shoes,4,134.29,537.16,2024-08-21,Summer
CUST_0012,Name CUST_0012,cust_0012@demo.example,Accessory,4,121.54,486.16,2024-09-18,Summer
CUST_0012,Name CUST_0012,cust_0012@demo.example,Pants,1,53.93,53.93,2024-10-07,Winter
CUST_0012,Name CUST_0012,cust_0012@demo.example,Accessory,2,38.47,76.94,2024-10-10,Winter
CUST_0012,Name CUST_0012,cust_0012@demo.example,Accessory,1,51.16,51.16,2024-12-03,Fall
CUST_0012,Name CUST_0012,cust_0012@demo.example,Dress,2,96.94,193.88,2024-12-12,Winter
CUST_0012,Name CUST_0012,cust_0012@demo.example,Jacket,3,76.17,228.51,2025-02-06,Summer
CUST_0013,Name CUST_0013,cust_0013@demo.example,Shirt,2,138.61,277.22,2024-01-26,Winter
CUST_0013,Name CUST_0013,cust_0013@demo.example,Dress,3,44.36,133.08,2024-02-09,Fall
CUST_0013,Name CUST_0013,cust_0013@demo.example,Shoes,4,104.13,416.52,2024-03-09,Fall
CUST_0013,Name CUST_0013,cust_0013@demo.example,Accessory,2,122.97,245.94,2024-04-22,Winter
CUST_0013,Name CUST_0013,cust_0013@demo.example,Jacket,3,86.88,260.64,2024-07-27,Spring
CUST_0013,Name CUST_0013,cust_0013@demo.example,Accessory,3,115.75,347.25,2024-08-18,Fall
CUST_0013,Name CUST_0013,cust_0013@demo.example,Pants,1,31.1,31.1,2024-10-03,Winter
CUST_0013,Name CUST_0013,cust_0013@demo.example,Accessory,4,135.81,543.24,2024-10-07,Winter
CUST_0013,Name CUST_0013,cust_0013@demo.example,Shirt,1,135.19,135.19,2024-12-01,Winter
CUST_0013,Name CUST_0013,cust_0013@demo.example,Shirt,2,109.49,218.98,2024-12-21,Winter
CUST_0013,Name CUST_0013,cust_0013@demo.example,Pants,4,80.22,320.88,2024-12-22,Summer
CUST_0013,Name CUST_0013,cust_0013@demo.example,Accessory,4,96.55,386.2,2025-01-21,Winter
CUST_0013,Name CUST_0013,cust_0013@demo.example,Dress,4,98.49,393.96,2025-01-27,Winter
CUST_0014,Name CUST_0014,cust_0014@demo.example,Jacket,3,104.3,312.9,2024-07-18,Summer
CUST_0014,Name CUST_0014,cust_0014@demo.example,Shoes,4,136.87,547.48,2024-08-03,Spring
CUST_0014,Name CUST_0014,cust_0014@demo.example,Jacket,2,49.67,99.34,2024-09-06,Spring
CUST_0014,Name CUST_0014,cust_0014@demo.example,Jacket,4,129.78,519.12,2025-01-20,Summer
CUST_0014,Name CUST_0014,cust_0014@demo.example,Dress,4,77.82,311.28,2025-01-26,Fall
CUST_0015,Name CUST_0015,cust_0015@demo.example,Dress,1,149.99,149.99,2024-01-10,Summer
CUST_0015,Name CUST_0015,cust_0015@demo.example,Pants,3,64.32,192.96,2024-01-26,Winter
CUST_0015,Name CUST_0015,cust_0015@demo.example,Jacket,4,30.73,122.92,2024-02-12,Summer
CUST_0015,Name CUST_0015,cust_0015@demo.example,Shoes,1,137.16,137.16,2024-03-06,Spring
CUST_0015,Name CUST_0015,cust_0015@demo.example,Jacket,3,117.05,351.15,2024-06-16,Fall
CUST_0015,Name CUST_0015,cust_0015@demo.example,Jacket,2,44.92,89.84,2024-11-14,Spring
CUST_0015,Name CUST_0015,cust_0015@demo.example,Accessory,1,119.81,119.81,2024-11-28,Spring
CUST_0015,Name CUST_0015,cust_0015@demo.example,Shirt,4,46.81,187.24,2025-01-20,Winter
CUST_0015,Name CUST_0015,cust_0015@demo.example,Pants,1,143.05,143.05,2025-01-21,Spring
CUST_0016,Name CUST_0016,cust_0016@demo.example,Jacket,3,13.75,41.25,2024-02-05,Winter
CUST_0016,Name CUST_0016,cust_0016@demo.example,Shoes,3,129.34,388.02,2024-02-22,Spring
CUST_0016,Name CUST_0016,cust_0016@demo.example,Accessory,4,144.59,578.36,2024-02-24,Winter
CUST_0016,Name CUST_0016,cust_0016@demo.example,Shoes,1,140.19,140.19,2024-02-25,Winter
CUST_0016,Name CUST_0016,cust_0016@demo.example,Dress,4,108.53,434.12,2024-04-21,Summer
CUST_0016,Name CUST_0016,cust_0016@demo.example,Shirt,2,126.64,253.28,2024-06-14,Fall
CUST_0016,Name CUST_0016,cust_0016@demo.example,Accessory,2,22.49,44.98,2024-07-22,Summer
CUST_0016,Name CUST_0016,cust_0016@demo.example,Pants,1,119.34,119.34,2024-11-06,Fall
CUST_0016,Name CUST_0016,cust_0016@demo.example,Accessory,4,76.15,304.6,2024-11-11,Fall
CUST_0016,Name CUST_0016,cust_0016@demo.example,Accessory,2,72.1,144.2,2024-12-28,Fall
CUST_0016,Name CUST_0016,cust_0016@demo.example,Jacket,1,59.91,59.91,2025-02-11,Fall
CUST_0017,Name CUST_0017,cust_0017@demo.example,Jacket,2,111.37,222.74,2024-02-13,Summer
CUST_0017,Name CUST_0017,cust_0017@demo.example,Accessory,4,90.64,362.56,2024-05-04,Winter
CUST_0017,Name CUST_0017,cust_0017@demo.example,Shoes,3,88.7,266.1,2024-05-23,Summer
CUST_0017,Name CUST_0017,cust_0017@demo.example,Dress,1,80.21,80.21,2024-06-21,Summer
CUST_0017,Name CUST_0017,cust_0017@demo.example,Accessory,3,70.72,212.16,2024-08-30,Fall
CUST_0017,Name CUST_0017,cust_0017@demo.example,Dress,2,60.97,121.94,2024-09-06,Fall
CUST_0017,Name CUST_0017,cust_0017@demo.example,Jacket,4,101.13,404.52,2024-12-19,Winter
CUST_0017,Name CUST_0017,cust_0017@demo.example,Shoes,2,54.26,108.52,2024-12-20,Fall
CUST_0017,Name CUST_0017,cust_0017@demo.example,Pants,1,24.84,24.84,2025-02-09,Winter
CUST_0018,Name CUST_0018,cust_0018@demo.example,Accessory,1,88.36,88.36,2024-01-24,Summer
CUST_0018,Name CUST_0018,cust_0018@demo.example,Dress,2,52.88,105.76,2024-02-21,Summer
CUST_0018,Name CUST_0018,cust_0018@demo.example,Accessory,2,55.55,111.1,2024-03-02,Summer
CUST_0018,Name CUST_0018,cust_0018@demo.example,Dress,2,113.93,227.86,2024-04-08,Fall
CUST_0018,Name CUST_0018,cust_0018@demo.example,Pants,1,109.71,109.71,2024-06-03,Fall
CUST_0018,Name CUST_0018,cust_0018@demo.example,Shirt,4,26.16,104.64,2024-11-22,Fall
CUST_0018,Name CUST_0018,cust_0018@demo.example,Dress,4,49.39,197.56,2024-12-25,Summer
CUST_0019,Name CUST_0019,cust_0019@demo.example,Shoes,1,32.94,32.94,2024-02-07,Fall
CUST_0019,Name CUST_0019,cust_0019@demo.example,Jacket,2,28.35,56.7,2024-02-13,Summer
CUST_0019,Name CUST_0019,cust_0019@demo.example,Accessory,1,68.38,68.38,2024-03-21,Winter
CUST_0019,Name CUST_0019,cust_0019@demo.example,Pants,1,33.67,33.67,2024-05-15,Spring
CUST_0019,Name CUST_0019,cust_0019@demo.example,Jacket,1,125.45,125.45,2024-09-01,Winter
CUST_0019,Name CUST_0019,cust_0019@demo.example,Shirt,4,59.02,236.08,2024-09-02,Fall
CUST_0019,Name CUST_0019,cust_0019@demo.example,Shoes,4,54.14,216.56,2024-10-28,Spring
CUST_0019,Name CUST_0019,cust_0019@demo.example,Pants,1,142.77,142.77,2024-11-08,Summer
CUST_0019,Name CUST_0019,cust_0019@demo.example,Jacket,4,74.17,296.68,2025-02-01,Fall
CUST_0020,Name CUST_0020,cust_0020@demo.example,Dress,2,51.76,103.52,2024-01-17,Winter
CUST_0020,Name CUST_0020,cust_0020@demo.example,Accessory,2,139.5,279.0,2024-02-06,Summer
CUST_0020,Name CUST_0020,cust_0020@demo.example,Pants,2,21.85,43.7,2024-05-16,Fall
CUST_0020,Name CUST_0020,cust_0020@demo.example,Accessory,1,87.15,87.15,2024-08-05,Summer
CUST_0020,Name CUST_0020,cust_0020@demo.example,Jacket,3,72.6,217.8,2024-10-31,Fall
CUST_0020,Name CUST_0020,cust_0020@demo.example,Shoes,4,142.09,568.36,2024-12-24,Winter
CUST_0021,Name CUST_0021,cust_0021@demo.example,Accessory,1,134.74,134.74,2024-02-11,Fall
CUST_0021,Name CUST_0021,cust_0021@demo.example,Jacket,1,145.89,145.89,2024-06-14,Spring
CUST_0021,Name CUST_0021,cust_0021@demo.example,Dress,4,107.73,430.92,2024-06-17,Winter
CUST_0021,Name CUST_0021,cust_0021@demo.example,Shirt,3,56.31,168.93,2024-07-28,Summer
CUST_0021,Name CUST_0021,cust_0021@demo.example,Pants,4,138.42,553.68,2024-09-22,Winter
CUST_0021,Name CUST_0021,cust_0021@demo.example,Pants,3,15.57,46.71,2024-11-05,Spring
CUST_0021,Name CUST_0021,cust_0021@demo.example,Jacket,4,145.73,582.92,2024-11-21,Fall
CUST_0021,Name CUST_0021,cust_0021@demo.example,Pants,3,91.52,274.56,2025-01-26,Winter
CUST_0021,Name CUST_0021,cust_0021@demo.example,Dress,1,74.77,74.77,2025-02-20,Fall
CUST_0022,Name CUST_0022,cust_0022@demo.example,Shirt,2,148.93,297.86,2024-02-17,Winter
CUST_0022,Name CUST_0022,cust_0022@demo.example,Accessory,2,80.78,161.56,2024-03-01,Fall
CUST_0022,Name CUST_0022,cust_0022@demo.example,Shoes,1,146.29,146.29,2024-03-03,Summer
CUST_0022,Name CUST_0022,cust_0022@demo.example,Jacket,4,88.07,352.28,2024-05-04,Summer
CUST_0022,Name CUST_0022,cust_0022@demo.example,Jacket,2,140.02,280.04,2024-05-16,Winter
CUST_0022,Name CUST_0022,cust_0022@demo.example,Dress,3,125.24,375.72,2024-06-23,Fall
CUST_0022,Name CUST_0022,cust_0022@demo.example,Jacket,3,69.34,208.02,2024-09-17,Winter
CUST_0022,Name CUST_0022,cust_0022@demo.example,Pants,4,69.03,276.12,2024-10-04,Fall
CUST_0022,Name CUST_0022,cust_0022@demo.example,Jacket,4,131.41,525.64,2024-10-27,Winter
CUST_0022,Name CUST_0022,cust_0022@demo.example,Dress,2,131.24,262.48,2024-11-02,Winter
CUST_0022,Name CUST_0022,cust_0022@demo.example,Shirt,4,98.31,393.24,2024-11-14,Summer
CUST_0022,Name CUST_0022,cust_0022@demo.example,Shirt,2,54.88,109.76,2024-12-29,Winter
CUST_0023,Name CUST_0023,cust_0023@demo.example,Accessory,3,114.77,344.31,2024-01-23,Winter
CUST_0023,Name CUST_0023,cust_0023@demo.example,Dress,4,74.84,299.36,2024-06-19,Summer
CUST_0023,Name CUST_0023,cust_0023@demo.example,Shirt,2,80.36,160.72,2024-07-16,Summer
CUST_0023,Name CUST_0023,cust_0023@demo.example,Jacket,3,132.02,396.06,2024-09-14,Spring
CUST_0023,Name CUST_0023,cust_0023@demo.example,Pants,4,14.12,56.48,2024-09-26,Winter
CUST_0023,Name CUST_0023,cust_0023@demo.example,Dress,2,22.33,44.66,2024-12-01,Fall
CUST_0023,Name CUST_0023,cust_0023@demo.example,Pants,2,90.91,181.82,2024-12-23,Winter
CUST_0024,Name CUST_0024,cust_0024@demo.example,Shoes,2,85.3,170.6,2024-03-15,Summer
CUST_0024,Name CUST_0024,cust_0024@demo.example,Jacket,2,22.9,45.8,2024-03-28,Summer
CUST_0024,Name CUST_0024,cust_0024@demo.example,Accessory,3,149.64,448.92,2024-04-30,Spring
CUST_0024,Name CUST_0024,cust_0024@demo.example,Shirt,4,132.39,529.56,2024-06-11,Spring
CUST_0024,Name CUST_0024,cust_0024@demo.example,Dress,1,52.48,52.48,2024-06-15,Winter
CUST_0024,Name CUST_0024,cust_0024@demo.example,Accessory,1,116.93,116.93,2024-08-10,Spring
CUST_0024,Name CUST_0024,cust_0024@demo.example,Shirt,2,107.77,215.54,2024-08-15,Spring
CUST_0024,Name CUST_0024,cust_0024@demo.example,Jacket,3,104.02,312.06,2024-08-23,Fall
CUST_0024,Name CUST_0024,cust_0024@demo.example,Accessory,2,44.04,88.08,2024-09-11,Fall
CUST_0024,Name CUST_0024,cust_0024@demo.example,Dress,2,22.19,44.38,2024-12-12,Fall
CUST_0024,Name CUST_0024,cust_0024@demo.example,Dress,4,101.68,406.72,2024-12-20,Winter
CUST_0025,Name CUST_0025,cust_0025@demo.example,Jacket,3,57.09,171.27,2024-02-16,Summer
CUST_0025,Name CUST_0025,cust_0025@demo.example,Jacket,3,138.14,414.42,2024-03-25,Fall
CUST_0025,Name CUST_0025,cust_0025@demo.example,Dress,2,120.54,241.08,2024-04-12,Fall
CUST_0025,Name CUST_0025,cust_0025@demo.example,Dress,4,16.6,66.4,2024-06-07,Summer
CUST_0025,Name CUST_0025,cust_0025@demo.example,Jacket,4,26.72,106.88,2024-07-15,Fall
CUST_0025,Name CUST_0025,cust_0025@demo.example,Dress,3,75.04,225.12,2024-08-05,Summer
CUST_0025,Name CUST_0025,cust_0025@demo.example,Dress,3,148.99,446.97,2024-10-21,Spring
CUST_0025,Name CUST_0025,cust_0025@demo.example,Dress,4,126.93,507.72,2024-11-06,Summer
CUST_0025,Name CUST_0025,cust_0025@demo.example,Pants,3,42.22,126.66,2024-11-06,Fall
CUST_0025,Name CUST_0025,cust_0025@demo.example,Shoes,4,49.88,199.52,2024-12-03,Spring
CUST_0025,Name CUST_0025,cust_0025@demo.example,Accessory,2,98.7,197.4,2024-12-13,Spring
CUST_0025,Name CUST_0025,cust_0025@demo.example,Jacket,3,122.98,368.94,2025-01-17,Spring
CUST_0026,Name CUST_0026,cust_0026@demo.example,Accessory,1,74.76,74.76,2024-05-15,Fall
CUST_0026,Name CUST_0026,cust_0026@demo.example,Dress,4,125.49,501.96,2024-10-26,Spring
CUST_0026,Name CUST_0026,cust_0026@demo.example,Accessory,2,130.7,261.4,2025-01-21,Winter
CUST_0026,Name CUST_0026,cust_0026@demo.example,Jacket,3,24.46,73.38,2025-02-15,Spring
CUST_0027,Name CUST_0027,cust_0027@demo.example,Jacket,1,54.0,54.0,2024-01-24,Spring
CUST_0027,Name CUST_0027,cust_0027@demo.example,Shirt,4,50.07,200.28,2024-02-01,Winter
CUST_0027,Name CUST_0027,cust_0027@demo.example,Shoes,2,100.56,201.12,2024-02-16,Spring
CUST_0027,Name CUST_0027,cust_0027@demo.example,Pants,2,134.44,268.88,2024-02-19,Winter
CUST_0027,Name CUST_0027,cust_0027@demo.example,Shoes,4,15.45,61.8,2024-04-29,Fall
CUST_0027,Name CUST_0027,cust_0027@demo.example,Dress,1,147.37,147.37,2024-07-04,Fall
CUST_0027,Name CUST_0027,cust_0027@demo.example,Accessory,3,104.53,313.59,2024-08-20,Winter
CUST_0027,Name CUST_0027,cust_0027@demo.example,Dress,4,141.59,566.36,2024-09-07,Spring
CUST_0027,Name CUST_0027,cust_0027@demo.example,Accessory,2,134.19,268.38,2024-10-27,Spring
CUST_0027,Name CUST_0027,cust_0027@demo.example,Accessory,2,101.38,202.76,2024-11-08,Winter
CUST_0027,Name CUST_0027,cust_0027@demo.example,Jacket,3,41.98,125.94,2024-12-19,Summer
CUST_0027,Name CUST_0027,cust_0027@demo.example,Shirt,3,101.6,304.8,2024-12-24,Summer
CUST_0028,Name CUST_0028,cust_0028@demo.example,Pants,2,92.92,185.84,2024-02-05,Fall
CUST_0028,Name CUST_0028,cust_0028@demo.example,Pants,3,45.61,136.83,2025-02-06,Summer
CUST_0029,Name CUST_0029,cust_0029@demo.example,Pants,2,48.62,97.24,2024-01-09,Winter
CUST_0029,Name CUST_0029,cust_0029@demo.example,Shirt,3,95.95,287.85,2024-02-11,Summer
CUST_0029,Name CUST_0029,cust_0029@demo.example,Pants,1,61.44,61.44,2024-03-08,Fall
CUST_0029,Name CUST_0029,cust_0029@demo.example,Pants,1,50.26,50.26,2024-03-16,Summer
CUST_0029,Name CUST_0029,cust_0029@demo.example,Shoes,3,64.56,193.68,2024-05-20,Fall
CUST_0029,Name CUST_0029,cust_0029@demo.example,Accessory,4,67.02,268.08,2024-06-22,Spring
CUST_0029,Name CUST_0029,cust_0029@demo.example,Jacket,1,79.66,79.66,2024-08-06,Spring
CUST_0029,Name CUST_0029,cust_0029@demo.example,Accessory,4,25.69,102.76,2024-08-20,Spring
CUST_0029,Name CUST_0029,cust_0029@demo.example,Jacket,1,20.39,20.39,2024-08-22,Winter
CUST_0029,Name CUST_0029,cust_0029@demo.example,Shirt,2,142.47,284.94,2024-09-14,Fall
CUST_0029,Name CUST_0029,cust_0029@demo.example,Jacket,1,114.9,114.9,2024-09-26,Winter
CUST_0029,Name CUST_0029,cust_0029@demo.example,Shirt,3,122.19,366.57,2024-10-03,Spring
CUST_0029,Name CUST_0029,cust_0029@demo.example,Pants,2,71.35,142.7,2024-12-01,Winter
CUST_0029,Name CUST_0029,cust_0029@demo.example,Shirt,3,82.83,248.49,2025-02-02,Winter
CUST_0030,Name CUST_0030,cust_0030@demo.example,Pants,1,91.75,91.75,2024-06-29,Summer
CUST_0030,Name CUST_0030,cust_0030@demo.example,Dress,3,103.78,311.34,2024-08-06,Summer
CUST_0030,Name CUST_0030,cust_0030@demo.example,Dress,1,114.75,114.75,2024-08-09,Summer
CUST_0030,Name CUST_0030,cust_0030@demo.example,Shoes,1,92.93,92.93,2024-10-11,Fall
CUST_0030,Name CUST_0030,cust_0030@demo.example,Accessory,1,68.69,68.69,2024-12-09,Winter
CUST_0030,Name CUST_0030,cust_0030@demo.example,Shirt,4,21.26,85.04,2024-12-17,Spring
CUST_0030,Name CUST_0030,cust_0030@demo.example,Shoes,1,145.64,145.64,2025-01-04,Fall
CUST_0031,Name CUST_0031,cust_0031@demo.example,Shoes,2,33.72,67.44,2024-01-27,Spring
CUST_0031,Name CUST_0031,cust_0031@demo.example,Shirt,2,114.25,228.5,2024-02-05,Spring
CUST_0031,Name CUST_0031,cust_0031@demo.example,Jacket,3,91.23,273.69,2024-02-28,Spring
CUST_0031,Name CUST_0031,cust_0031@demo.example,Dress,3,55.01,165.03,2024-03-21,Spring
CUST_0031,Name CUST_0031,cust_0031@demo.example,Pants,3,12.84,38.52,2024-06-22,Winter
CUST_0031,Name CUST_0031,cust_0031@demo.example,Accessory,4,27.3,109.2,2024-06-25,Winter
CUST_0031,Name CUST_0031,cust_0031@demo.example,Dress,2,128.92,257.84,2024-09-03,Fall
CUST_0031,Name CUST_0031,cust_0031@demo.example,Pants,4,69.16,276.64,2024-09-05,Spring
CUST_0031,Name CUST_0031,cust_0031@demo.example,Jacket,3,18.27,54.81,2024-09-26,Spring
CUST_0031,Name CUST_0031,cust_0031@demo.example,Dress,3,16.0,48.0,2024-11-07,Fall
CUST_0031,Name CUST_0031,cust_0031@demo.example,Accessory,1,49.55,49.55,2024-12-11,Winter
CUST_0031,Name CUST_0031,cust_0031@demo.example,Jacket,2,63.91,127.82,2025-01-17,Fall
CUST_0032,Name CUST_0032,cust_0032@demo.example,Pants,3,142.45,427.35,2024-04-14,Fall
CUST_0032,Name CUST_0032,cust_0032@demo.example,Jacket,3,28.56,85.68,2024-05-28,Winter
CUST_0033,Name CUST_0033,cust_0033@demo.example,Dress,4,139.12,556.48,2024-01-10,Winter
CUST_0033,Name CUST_0033,cust_0033@demo.example,Shirt,4,130.92,523.68,2024-02-06,Winter
CUST_0033,Name CUST_0033,cust_0033@demo.example,Pants,4,85.5,342.0,2024-03-07,Fall
CUST_0033,Name CUST_0033,cust_0033@demo.example,Jacket,4,109.91,439.64,2024-10-20,Fall
CUST_0034,Name CUST_0034,cust_0034@demo.example,Pants,1,145.34,145.34,2024-07-26,Winter
CUST_0034,Name CUST_0034,cust_0034@demo.example,Jacket,4,84.31,337.24,2024-08-11,Fall
CUST_0034,Name CUST_0034,cust_0034@demo.example,Shirt,3,24.16,72.48,2024-12-19,Summer
CUST_0035,Name CUST_0035,cust_0035@demo.example,Shirt,3,147.57,442.71,2024-02-22,Summer
CUST_0035,Name CUST_0035,cust_0035@demo.example,Jacket,4,21.42,85.68,2024-03-18,Fall
CUST_0035,Name CUST_0035,cust_0035@demo.example,Shoes,4,76.03,304.12,2024-03-31,Winter
CUST_0035,Name CUST_0035,cust_0035@demo.example,Accessory,2,95.13,190.26,2024-04-11,Spring
CUST_0035,Name CUST_0035,cust_0035@demo.example,Shirt,1,100.96,100.96,2024-05-26,Winter
CUST_0035,Name CUST_0035,cust_0035@demo.example,Shirt,4,74.36,297.44,2024-06-07,Fall
CUST_0035,Name CUST_0035,cust_0035@demo.example,Shirt,4,81.19,324.76,2024-06-13,Winter
CUST_0035,Name CUST_0035,cust_0035@demo.example,Pants,2,57.96,115.92,2024-06-22,Spring
CUST_0035,Name CUST_0035,cust_0035@demo.example,Pants,2,44.61,89.22,2024-06-28,Fall
CUST_0035,Name CUST_0035,cust_0035@demo.example,Shoes,1,74.06,74.06,2024-08-24,Summer
CUST_0035,Name CUST_0035,cust_0035@demo.example,Pants,1,85.22,85.22,2024-09-18,Fall
CUST_0035,Name CUST_0035,cust_0035@demo.example,Accessory,3,131.27,393.81,2024-12-14,Fall
CUST_0035,Name CUST_0035,cust_0035@demo.example,Dress,3,93.62,280.86,2025-02-11,Spring
CUST_0036,Name CUST_0036,cust_0036@demo.example,Shoes,4,148.76,595.04,2024-05-06,Summer
CUST_0036,Name CUST_0036,cust_0036@demo.example,Jacket,3,138.68,416.04,2024-07-05,Winter
CUST_0037,Name CUST_0037,cust_0037@demo.example,Pants,3,54.62,163.86,2024-01-10,Fall
CUST_0037,Name CUST_0037,cust_0037@demo.example,Accessory,3,25.04,75.12,2024-02-03,Winter
CUST_0037,Name CUST_0037,cust_0037@demo.example,Shirt,3,128.53,385.59,2024-02-09,Spring
CUST_0037,Name CUST_0037,cust_0037@demo.example,Accessory,3,111.88,335.64,2024-05-25,Summer
CUST_0037,Name CUST_0037,cust_0037@demo.example,Accessory,4,29.8,119.2,2024-06-07,Spring
CUST_0037,Name CUST_0037,cust_0037@demo.example,Dress,4,100.8,403.2,2024-06-07,Summer
CUST_0037,Name CUST_0037,cust_0037@demo.example,Pants,1,92.42,92.42,2024-06-19,Fall
CUST_0037,Name CUST_0037,cust_0037@demo.example,Accessory,1,120.91,120.91,2024-06-22,Fall
CUST_0037,Name CUST_0037,cust_0037@demo.example,Jacket,3,115.83,347.49,2024-08-15,Summer
CUST_0037,Name CUST_0037,cust_0037@demo.example,Pants,4,33.29,133.16,2024-11-01,Summer
CUST_0037,Name CUST_0037,cust_0037@demo.example,Shoes,3,132.94,398.82,2024-12-04,Summer
CUST_0037,Name CUST_0037,cust_0037@demo.example,Jacket,1,101.15,101.15,2024-12-09,Fall
CUST_0037,Name CUST_0037,cust_0037@demo.example,Dress,4,18.03,72.12,2025-01-04,Summer
CUST_0037,Name CUST_0037,cust_0037@demo.example,Pants,4,38.5,154.0,2025-01-27,Summer
CUST_0038,Name CUST_0038,cust_0038@demo.example,Pants,4,81.28,325.12,2024-01-28,Winter
CUST_0038,Name CUST_0038,cust_0038@demo.example,Dress,3,42.99,128.97,2024-02-11,Spring
CUST_0038,Name CUST_0038,cust_0038@demo.example,Jacket,3,145.25,435.75,2024-05-02,Summer
CUST_0038,Name CUST_0038,cust_0038@demo.example,Dress,1,100.48,100.48,2024-05-08,Spring
CUST_0038,Name CUST_0038,cust_0038@demo.example,Dress,4,75.71,302.84,2024-07-07,Winter
CUST_0038,Name CUST_0038,cust_0038@demo.example,Shirt,2,126.68,253.36,2024-08-18,Summer
CUST_0038,Name CUST_0038,cust_0038@demo.example,Pants,4,145.35,581.4,2024-09-14,Summer
CUST_0038,Name CUST_0038,cust_0038@demo.example,Pants,1,51.34,51.34,2024-12-30,Fall
CUST_0038,Name CUST_0038,cust_0038@demo.example,Pants,3,121.21,363.63,2024-12-31,Spring
CUST_0038,Name CUST_0038,cust_0038@demo.example,Shirt,4,134.08,536.32,2025-02-22,Winter
CUST_0039,Name CUST_0039,cust_0039@demo.example,Jacket,1,127.46,127.46,2024-02-02,Spring
CUST_0039,Name CUST_0039,cust_0039@demo.example,Shirt,3,44.79,134.37,2024-02-26,Spring
CUST_0039,Name CUST_0039,cust_0039@demo.example,Accessory,2,87.73,175.46,2024-04-20,Winter
CUST_0039,Name CUST_0039,cust_0039@demo.example,Shoes,4,100.18,400.72,2024-05-02,Winter
CUST_0039,Name CUST_0039,cust_0039@demo.example,Jacket,2,116.72,233.44,2024-08-29,Winter
CUST_0039,Name CUST_0039,cust_0039@demo.example,Shirt,1,137.01,137.01,2024-11-11,Fall
CUST_0040,Name CUST_0040,cust_0040@demo.example,Jacket,3,45.2,135.6,2024-01-01,Summer
CUST_0040,Name CUST_0040,cust_0040@demo.example,Accessory,1,59.58,59.58,2024-07-01,Spring
CUST_0040,Name CUST_0040,cust_0040@demo.example,Dress,2,111.16,222.32,2024-09-20,Winter
CUST_0040,Name CUST_0040,cust_0040@demo.example,Shoes,4,148.5,594.0,2024-09-20,Winter
CUST_0040,Name CUST_0040,cust_0040@demo.example,Jacket,1,65.88,65.88,2024-09-26,Spring
CUST_0040,Name CUST_0040,cust_0040@demo.example,Dress,4,147.38,589.52,2024-11-21,Spring
CUST_0040,Name CUST_0040,cust_0040@demo.example,Dress,1,84.24,84.24,2024-12-06,Spring
CUST_0040,Name CUST_0040,cust_0040@demo.example,Pants,4,99.18,396.72,2024-12-22,Spring
CUST_0040,Name CUST_0040,cust_0040@demo.example,Pants,4,17.1,68.4,2025-01-01,Spring
CUST_0040,Name CUST_0040,cust_0040@demo.example,Dress,3,30.41,91.23,2025-01-30,Fall
CUST_0040,Name CUST_0040,cust_0040@demo.example,Dress,2,134.24,268.48,2025-02-09,Fall
CUST_0040,Name CUST_0040,cust_0040@demo.example,Accessory,2,126.59,253.18,2025-02-20,Winter
CUST_0041,Name CUST_0041,cust_0041@demo.example,Shirt,2,51.48,102.96,2024-01-19,Fall
CUST_0041,Name CUST_0041,cust_0041@demo.example,Dress,4,107.51,430.04,2024-04-05,Fall
CUST_0041,Name CUST_0041,cust_0041@demo.example,Jacket,1,122.31,122.31,2024-05-19,Winter
CUST_0041,Name CUST_0041,cust_0041@demo.example,Dress,2,87.28,174.56,2024-11-04,Spring
CUST_0041,Name CUST_0041,cust_0041@demo.example,Jacket,4,135.46,541.84,2025-01-15,Fall
CUST_0041,Name CUST_0041,cust_0041@demo.example,Shirt,1,112.34,112.34,2025-02-14,Winter
CUST_0042,Name CUST_0042,cust_0042@demo.example,Shirt,4,60.51,242.04,2024-03-26,Fall
CUST_0042,Name CUST_0042,cust_0042@demo.example,Shoes,3,54.3,162.9,2024-06-16,Winter
CUST_0042,Name CUST_0042,cust_0042@demo.example,Shirt,4,49.89,199.56,2024-11-10,Spring
CUST_0043,Name CUST_0043,cust_0043@demo.example,Jacket,2,80.87,161.74,2024-01-14,Spring
CUST_0043,Name CUST_0043,cust_0043@demo.example,Accessory,2,129.12,258.24,2024-01-16,Winter
CUST_0043,Name CUST_0043,cust_0043@demo.example,Accessory,2,21.28,42.56,2024-01-18,Fall
CUST_0043,Name CUST_0043,cust_0043@demo.example,Pants,3,109.16,327.48,2024-05-14,Fall
CUST_0043,Name CUST_0043,cust_0043@demo.example,Shirt,4,143.03,572.12,2024-07-04,Summer
CUST_0043,Name CUST_0043,cust_0043@demo.example,Pants,3,101.64,304.92,2024-07-22,Spring
CUST_0043,Name CUST_0043,cust_0043@demo.example,Jacket,2,136.02,272.04,2024-08-19,Spring
CUST_0043,Name CUST_0043,cust_0043@demo.example,Accessory,4,62.14,248.56,2024-11-22,Summer
CUST_0043,Name CUST_0043,cust_0043@demo.example,Dress,4,142.94,571.76,2024-12-13,Winter
CUST_0043,Name CUST_0043,cust_0043@demo.example,Pants,4,39.62,158.48,2024-12-21,Spring
CUST_0043,Name CUST_0043,cust_0043@demo.example,Shoes,1,91.2,91.2,2025-01-25,Fall
CUST_0043,Name CUST_0043,cust_0043@demo.example,Accessory,3,104.16,312.48,2025-02-18,Spring
CUST_0044,Name CUST_0044,cust_0044@demo.example,Jacket,3,100.64,301.92,2024-03-05,Winter
CUST_0044,Name CUST_0044,cust_0044@demo.example,Shoes,3,76.5,229.5,2024-07-03,Summer
CUST_0044,Name CUST_0044,cust_0044@demo.example,Pants,2,53.97,107.94,2024-09-22,Fall
CUST_0044,Name CUST_0044,cust_0044@demo.example,Shoes,4,118.14,472.56,2024-09-26,Spring
CUST_0044,Name CUST_0044,cust_0044@demo.example,Pants,3,135.0,405.0,2024-10-04,Summer
CUST_0044,Name CUST_0044,cust_0044@demo.example,Jacket,1,21.07,21.07,2024-11-09,Winter
CUST_0044,Name CUST_0044,cust_0044@demo.example,Shoes,3,29.71,89.13,2024-12-14,Summer
CUST_0044,Name CUST_0044,cust_0044@demo.example,Shirt,2,71.7,143.4,2025-01-28,Spring
CUST_0044,Name CUST_0044,cust_0044@demo.example,Jacket,2,44.67,89.34,2025-02-09,Spring
CUST_0044,Name CUST_0044,cust_0044@demo.example,Shirt,3,82.21,246.63,2025-02-10,Summer
CUST_0045,Name CUST_0045,cust_0045@demo.example,Shoes,3,101.86,305.58,2024-01-24,Winter
CUST_0045,Name CUST_0045,cust_0045@demo.example,Shoes,3,39.09,117.27,2024-02-10,Fall
CUST_0045,Name CUST_0045,cust_0045@demo.example,Shirt,3,96.79,290.37,2024-03-05,Summer
CUST_0045,Name CUST_0045,cust_0045@demo.example,Shoes,3,142.75,428.25,2024-04-25,Fall
CUST_0045,Name CUST_0045,cust_0045@demo.example,Shirt,4,22.07,88.28,2024-06-01,Summer
CUST_0045,Name CUST_0045,cust_0045@demo.example,Pants,4,78.83,315.32,2024-08-13,Fall
CUST_0045,Name CUST_0045,cust_0045@demo.example,Jacket,1,56.04,56.04,2024-09-20,Spring
CUST_0045,Name CUST_0045,cust_0045@demo.example,Shirt,1,125.88,125.88,2024-10-15,Spring
CUST_0045,Name CUST_0045,cust_0045@demo.example,Shoes,2,35.63,71.26,2024-10-30,Fall
CUST_0045,Name CUST_0045,cust_0045@demo.example,Accessory,2,55.14,110.28,2024-11-06,Fall
CUST_0045,Name CUST_0045,cust_0045@demo.example,Accessory,1,80.73,80.73,2024-11-12,Fall
CUST_0045,Name CUST_0045,cust_0045@demo.example,Accessory,3,78.65,235.95,2024-11-24,Winter
CUST_0045,Name CUST_0045,cust_0045@demo.example,Pants,3,146.6,439.8,2025-01-10,Fall
CUST_0046,Name CUST_0046,cust_0046@demo.example,Shoes,1,142.44,142.44,2024-01-12,Winter
CUST_0046,Name CUST_0046,cust_0046@demo.example,Shirt,2,92.5,185.0,2024-05-03,Spring
CUST_0046,Name CUST_0046,cust_0046@demo.example,Pants,4,46.26,185.04,2024-07-15,Fall
CUST_0046,Name CUST_0046,cust_0046@demo.example,Shirt,2,31.44,62.88,2024-08-18,Fall
CUST_0046,Name CUST_0046,cust_0046@demo.example,Dress,4,80.83,323.32,2024-09-20,Winter
CUST_0046,Name CUST_0046,cust_0046@demo.example,Pants,3,38.2,114.6,2024-10-22,Winter
CUST_0047,Name CUST_0047,cust_0047@demo.example,Dress,1,66.36,66.36,2024-03-06,Fall
CUST_0047,Name CUST_0047,cust_0047@demo.example,Dress,4,117.49,469.96,2024-07-16,Spring
CUST_0047,Name CUST_0047,cust_0047@demo.example,Accessory,2,133.78,267.56,2024-08-08,Fall
CUST_0047,Name CUST_0047,cust_0047@demo.example,Shirt,4,51.43,205.72,2024-09-10,Spring
CUST_0047,Name CUST_0047,cust_0047@demo.example,Dress,2,62.03,124.06,2024-10-18,Spring
CUST_0047,Name CUST_0047,cust_0047@demo.example,Jacket,4,62.5,250.0,2025-01-26,Spring
CUST_0048,Name CUST_0048,cust_0048@demo.example,Dress,1,30.91,30.91,2024-01-24,Winter
CUST_0048,Name CUST_0048,cust_0048@demo.example,Jacket,2,95.14,190.28,2024-03-14,Spring
CUST_0048,Name CUST_0048,cust_0048@demo.example,Accessory,2,16.36,32.72,2024-03-16,Spring
CUST_0048,Name CUST_0048,cust_0048@demo.example,Jacket,1,72.86,72.86,2024-04-07,Summer
CUST_0048,Name CUST_0048,cust_0048@demo.example,Shoes,3,34.43,103.29,2024-06-16,Fall
CUST_0048,Name CUST_0048,cust_0048@demo.example,Shoes,1,147.23,147.23,2024-06-18,Fall
CUST_0048,Name CUST_0048,cust_0048@demo.example,Shoes,2,68.63,137.26,2024-07-30,Winter
CUST_0048,Name CUST_0048,cust_0048@demo.example,Shoes,4,32.55,130.2,2024-09-22,Summer
CUST_0048,Name CUST_0048,cust_0048@demo.example,Jacket,3,149.74,449.22,2024-10-14,Winter
CUST_0048,Name CUST_0048,cust_0048@demo.example,Shoes,3,82.01,246.03,2024-10-30,Winter
CUST_0048,Name CUST_0048,cust_0048@demo.example,Shirt,3,77.54,232.62,2024-12-28,Fall
CUST_0048,Name CUST_0048,cust_0048@demo.example,Pants,1,92.53,92.53,2025-01-04,Winter
CUST_0048,Name CUST_0048,cust_0048@demo.example,Shoes,1,109.4,109.4,2025-01-11,Summer
CUST_0048,Name CUST_0048,cust_0048@demo.example,Dress,1,94.37,94.37,2025-02-11,Summer
CUST_0049,Name CUST_0049,cust_0049@demo.example,Dress,4,137.87,551.48,2024-03-29,Fall
CUST_0049,Name CUST_0049,cust_0049@demo.example,Dress,3,43.03,129.09,2024-05-22,Fall
CUST_0049,Name CUST_0049,cust_0049@demo.example,Shoes,1,91.14,91.14,2024-05-27,Winter
CUST_0049,Name CUST_0049,cust_0049@demo.example,Pants,3,143.74,431.22,2024-07-21,Fall
CUST_0049,Name CUST_0049,cust_0049@demo.example,Accessory,3,89.35,268.05,2024-09-02,Fall
CUST_0049,Name CUST_0049,cust_0049@demo.example,Pants,3,96.19,288.57,2024-12-12,Summer
CUST_0049,Name CUST_0049,cust_0049@demo.example,Jacket,2,107.25,214.5,2024-12-26,Fall
CUST_0050,Name CUST_0050,cust_0050@demo.example,Jacket,1,59.8,59.8,2024-05-27,Fall
CUST_0050,Name CUST_0050,cust_0050@demo.example,Shoes,4,41.53,166.12,2025-01-17,Fall
CUST_0051,Name CUST_0051,cust_0051@demo.example,Jacket,1,149.61,149.61,2024-03-31,Winter
CUST_0051,Name CUST_0051,cust_0051@demo.example,Shirt,3,132.99,398.97,2024-04-05,Fall
CUST_0051,Name CUST_0051,cust_0051@demo.example,Shoes,1,104.44,104.44,2024-05-04,Summer
CUST_0051,Name CUST_0051,cust_0051@demo.example,Shirt,1,137.3,137.3,2024-05-26,Summer
CUST_0051,Name CUST_0051,cust_0051@demo.example,Pants,1,138.03,138.03,2024-09-30,Winter
CUST_0051,Name CUST_0051,cust_0051@demo.example,Jacket,2,68.15,136.3,2024-10-08,Winter
CUST_0051,Name CUST_0051,cust_0051@demo.example,Jacket,2,19.24,38.48,2024-11-22,Fall
CUST_0051,Name CUST_0051,cust_0051@demo.example,Dress,2,116.32,232.64,2024-11-29,Fall
CUST_0051,Name CUST_0051,cust_0051@demo.example,Shoes,3,30.94,92.82,2024-12-22,Summer
CUST_0051,Name CUST_0051,cust_0051@demo.example,Pants,4,25.88,103.52,2025-01-02,Spring
CUST_0052,Name CUST_0052,cust_0052@demo.example,Shoes,3,121.13,363.39,2024-01-08,Summer
CUST_0052,Name CUST_0052,cust_0052@demo.example,Pants,1,76.22,76.22,2024-02-01,Winter
CUST_0052,Name CUST_0052,cust_0052@demo.example,Pants,4,104.36,417.44,2024-02-14,Summer
CUST_0052,Name CUST_0052,cust_0052@demo.example,Shoes,4,126.12,504.48,2024-03-30,Fall
CUST_0052,Name CUST_0052,cust_0052@demo.example,Dress,2,123.62,247.24,2024-05-19,Summer
CUST_0052,Name CUST_0052,cust_0052@demo.example,Dress,1,48.09,48.09,2024-06-03,Summer
CUST_0052,Name CUST_0052,cust_0052@demo.example,Dress,2,73.65,147.3,2024-07-15,Fall
CUST_0052,Name CUST_0052,cust_0052@demo.example,Pants,4,134.72,538.88,2024-08-20,Winter
CUST_0052,Name CUST_0052,cust_0052@demo.example,Shirt,3,141.14,423.42,2024-09-01,Fall
CUST_0052,Name CUST_0052,cust_0052@demo.example,Dress,1,140.13,140.13,2024-11-04,Fall
CUST_0052,Name CUST_0052,cust_0052@demo.example,Accessory,4,101.46,405.84,2025-01-09,Summer
CUST_0053,Name CUST_0053,cust_0053@demo.example,Jacket,2,110.93,221.86,2024-02-29,Spring
CUST_0053,Name CUST_0053,cust_0053@demo.example,Shoes,4,115.19,460.76,2024-03-19,Fall
CUST_0053,Name CUST_0053,cust_0053@demo.example,Pants,2,42.24,84.48,2024-07-07,Winter
CUST_0053,Name CUST_0053,cust_0053@demo.example,Accessory,4,116.51,466.04,2024-07-31,Summer
CUST_0053,Name CUST_0053,cust_0053@demo.example,Accessory,3,107.26,321.78,2024-09-14,Fall
CUST_0053,Name CUST_0053,cust_0053@demo.example,Jacket,4,123.6,494.4,2024-09-18,Summer
CUST_0053,Name CUST_0053,cust_0053@demo.example,Shirt,4,75.04,300.16,2024-09-19,Winter
CUST_0053,Name CUST_0053,cust_0053@demo.example,Dress,4,84.89,339.56,2024-09-26,Spring
CUST_0053,Name CUST_0053,cust_0053@demo.example,Shoes,1,20.52,20.52,2024-10-15,Summer
CUST_0053,Name CUST_0053,cust_0053@demo.example,Shoes,2,34.71,69.42,2024-10-20,Winter
CUST_0053,Name CUST_0053,cust_0053@demo.example,Jacket,3,111.81,335.43,2024-12-10,Fall
CUST_0053,Name CUST_0053,cust_0053@demo.example,Shoes,2,105.89,211.78,2025-01-25,Spring
CUST_0054,Name CUST_0054,cust_0054@demo.example,Shirt,1,86.68,86.68,2024-06-25,Spring
CUST_0054,Name CUST_0054,cust_0054@demo.example,Shirt,2,91.81,183.62,2025-01-16,Winter
CUST_0055,Name CUST_0055,cust_0055@demo.example,Jacket,1,147.03,147.03,2024-01-02,Winter
CUST_0055,Name CUST_0055,cust_0055@demo.example,Pants,3,68.42,205.26,2024-01-17,Winter
CUST_0055,Name CUST_0055,cust_0055@demo.example,Shirt,4,96.86,387.44,2024-01-17,Summer
CUST_0055,Name CUST_0055,cust_0055@demo.example,Dress,2,102.19,204.38,2024-02-11,Spring
CUST_0055,Name CUST_0055,cust_0055@demo.example,Accessory,4,84.98,339.92,2024-04-01,Summer
CUST_0055,Name CUST_0055,cust_0055@demo.example,Shirt,1,25.92,25.92,2024-04-15,Winter
CUST_0055,Name CUST_0055,cust_0055@demo.example,Accessory,2,50.04,100.08,2024-06-26,Spring
CUST_0055,Name CUST_0055,cust_0055@demo.example,Jacket,4,73.9,295.6,2024-07-10,Winter
CUST_0055,Name CUST_0055,cust_0055@demo.example,Pants,4,125.62,502.48,2024-09-29,Winter
CUST_0056,Name CUST_0056,cust_0056@demo.example,Accessory,2,53.5,107.0,2024-05-03,Summer
CUST_0056,Name CUST_0056,cust_0056@demo.example,Pants,2,53.38,106.76,2024-07-28,Winter
CUST_0056,Name CUST_0056,cust_0056@demo.example,Shoes,3,49.97,149.91,2024-07-30,Summer
CUST_0056,Name CUST_0056,cust_0056@demo.example,Dress,2,65.6,131.2,2024-08-01,Summer
CUST_0056,Name CUST_0056,cust_0056@demo.example,Shirt,2,86.49,172.98,2024-08-12,Summer
CUST_0056,Name CUST_0056,cust_0056@demo.example,Accessory,3,44.31,132.93,2024-09-14,Fall
CUST_0056,Name CUST_0056,cust_0056@demo.example,Pants,3,44.69,134.07,2024-10-22,Summer
CUST_0056,Name CUST_0056,cust_0056@demo.example,Shirt,4,88.71,354.84,2024-11-16,Fall
CUST_0056,Name CUST_0056,cust_0056@demo.example,Dress,4,120.44,481.76,2024-11-25,Winter
CUST_0056,Name CUST_0056,cust_0056@demo.example,Shirt,1,45.77,45.77,2024-12-10,Winter
CUST_0056,Name CUST_0056,cust_0056@demo.example,Shoes,4,138.23,552.92,2025-02-16,Winter
CUST_0057,Name CUST_0057,cust_0057@demo.example,Accessory,2,141.33,282.66,2024-01-08,Spring
CUST_0057,Name CUST_0057,cust_0057@demo.example,Shoes,2,123.04,246.08,2024-02-07,Summer
CUST_0057,Name CUST_0057,cust_0057@demo.example,Dress,2,88.19,176.38,2024-07-22,Winter
CUST_0057,Name CUST_0057,cust_0057@demo.example,Dress,2,131.99,263.98,2024-09-02,Fall
CUST_0057,Name CUST_0057,cust_0057@demo.example,Jacket,2,19.11,38.22,2024-10-01,Spring
CUST_0057,Name CUST_0057,cust_0057@demo.example,Dress,1,139.27,139.27,2024-11-27,Spring
CUST_0057,Name CUST_0057,cust_0057@demo.example,Accessory,4,138.19,552.76,2025-01-17,Summer
CUST_0058,Name CUST_0058,cust_0058@demo.example,Shoes,3,88.36,265.08,2024-01-09,Winter
CUST_0058,Name CUST_0058,cust_0058@demo.example,Accessory,4,145.38,581.52,2024-05-11,Winter
CUST_0058,Name CUST_0058,cust_0058@demo.example,Pants,2,39.07,78.14,2024-05-31,Winter
CUST_0058,Name CUST_0058,cust_0058@demo.example,Pants,1,89.63,89.63,2024-07-30,Summer
CUST_0058,Name CUST_0058,cust_0058@demo.example,Dress,2,113.12,226.24,2024-08-23,Summer
CUST_0058,Name CUST_0058,cust_0058@demo.example,Accessory,1,122.79,122.79,2024-08-26,Winter
CUST_0058,Name CUST_0058,cust_0058@demo.example,Dress,3,54.56,163.68,2024-09-30,Winter
CUST_0058,Name CUST_0058,cust_0058@demo.example,Accessory,2,80.9,161.8,2024-10-18,Fall
CUST_0058,Name CUST_0058,cust_0058@demo.example,Dress,3,138.18,414.54,2025-01-24,Fall
CUST_0059,Name CUST_0059,cust_0059@demo.example,Shoes,2,13.26,26.52,2024-02-04,Winter
CUST_0059,Name CUST_0059,cust_0059@demo.example,Shirt,1,127.79,127.79,2024-09-25,Spring
CUST_0059,Name CUST_0059,cust_0059@demo.example,Shoes,4,37.4,149.6,2025-01-03,Spring
CUST_0059,Name CUST_0059,cust_0059@demo.example,Accessory,1,68.91,68.91,2025-01-26,Summer
CUST_0060,Name CUST_0060,cust_0060@demo.example,Shirt,4,102.98,411.92,2024-01-31,Spring
CUST_0060,Name CUST_0060,cust_0060@demo.example,Dress,2,97.53,195.06,2024-05-03,Fall
CUST_0060,Name CUST_0060,cust_0060@demo.example,Jacket,4,22.9,91.6,2024-05-16,Winter
CUST_0060,Name CUST_0060,cust_0060@demo.example,Shoes,4,13.64,54.56,2024-09-29,Fall
CUST_0060,Name CUST_0060,cust_0060@demo.example,Accessory,3,14.37,43.11,2024-10-01,Winter
CUST_0060,Name CUST_0060,cust_0060@demo.example,Pants,2,148.65,297.3,2024-10-16,Fall
CUST_0060,Name CUST_0060,cust_0060@demo.example,Shirt,2,26.77,53.54,2025-02-16,Summer
CUST_0061,Name CUST_0061,cust_0061@demo.example,Pants,3,34.42,103.26,2024-02-09,Winter
CUST_0061,Name CUST_0061,cust_0061@demo.example,Jacket,1,24.9,24.9,2024-02-11,Winter
CUST_0061,Name CUST_0061,cust_0061@demo.example,Accessory,4,128.66,514.64,2024-02-12,Fall
CUST_0061,Name CUST_0061,cust_0061@demo.example,Shirt,4,44.04,176.16,2024-02-20,Fall
CUST_0061,Name CUST_0061,cust_0061@demo.example,Accessory,2,115.81,231.62,2024-04-16,Winter
CUST_0061,Name CUST_0061,cust_0061@demo.example,Shirt,4,49.41,197.64,2024-04-18,Fall
CUST_0061,Name CUST_0061,cust_0061@demo.example,Dress,1,36.75,36.75,2024-10-05,Spring
CUST_0061,Name CUST_0061,cust_0061@demo.example,Shirt,4,19.74,78.96,2024-10-09,Summer
CUST_0061,Name CUST_0061,cust_0061@demo.example,Shirt,1,135.48,135.48,2024-10-16,Summer
CUST_0061,Name CUST_0061,cust_0061@demo.example,Dress,4,145.71,582.84,2024-11-05,Spring
CUST_0061,Name CUST_0061,cust_0061@demo.example,Accessory,3,64.97,194.91,2024-12-12,Summer
CUST_0061,Name CUST_0061,cust_0061@demo.example,Dress,1,81.11,81.11,2025-02-08,Spring
CUST_0062,Name CUST_0062,cust_0062@demo.example,Dress,3,73.37,220.11,2024-01-03,Spring
CUST_0062,Name CUST_0062,cust_0062@demo.example,Accessory,3,33.28,99.84,2024-02-12,Summer
CUST_0062,Name CUST_0062,cust_0062@demo.example,Accessory,3,122.13,366.39,2024-02-13,Spring
CUST_0062,Name CUST_0062,cust_0062@demo.example,Shoes,1,24.37,24.37,2024-02-22,Spring
CUST_0062,Name CUST_0062,cust_0062@demo.example,Jacket,1,37.86,37.86,2024-03-08,Winter
CUST_0062,Name CUST_0062,cust_0062@demo.example,Pants,3,49.04,147.12,2024-05-17,Spring
CUST_0062,Name CUST_0062,cust_0062@demo.example,Dress,4,79.7,318.8,2024-05-19,Winter
CUST_0062,Name CUST_0062,cust_0062@demo.example,Accessory,4,119.53,478.12,2024-07-30,Summer
CUST_0062,Name CUST_0062,cust_0062@demo.example,Accessory,2,105.8,211.6,2024-08-09,Winter
CUST_0062,Name CUST_0062,cust_0062@demo.example,Pants,2,106.57,213.14,2024-10-19,Summer
CUST_0062,Name CUST_0062,cust_0062@demo.example,Shirt,3,131.19,393.57,2024-11-01,Fall
CUST_0062,Name CUST_0062,cust_0062@demo.example,Shirt,4,55.7,222.8,2025-01-13,Spring
CUST_0063,Name CUST_0063,cust_0063@demo.example,Shoes,4,57.85,231.4,2024-01-04,Winter
CUST_0063,Name CUST_0063,cust_0063@demo.example,Accessory,3,142.3,426.9,2024-07-03,Winter
CUST_0063,Name CUST_0063,cust_0063@demo.example,Jacket,3,70.11,210.33,2024-08-10,Spring
CUST_0063,Name CUST_0063,cust_0063@demo.example,Pants,2,75.18,150.36,2024-10-31,Fall
CUST_0064,Name CUST_0064,cust_0064@demo.example,Dress,2,102.75,205.5,2024-02-25,Summer
CUST_0064,Name CUST_0064,cust_0064@demo.example,Shoes,2,93.73,187.46,2024-02-28,Summer
CUST_0064,Name CUST_0064,cust_0064@demo.example,Jacket,2,110.7,221.4,2024-05-09,Spring
CUST_0064,Name CUST_0064,cust_0064@demo.example,Pants,4,145.55,582.2,2024-05-29,Fall
CUST_0064,Name CUST_0064,cust_0064@demo.example,Accessory,3,95.24,285.72,2024-06-02,Summer
CUST_0064,Name CUST_0064,cust_0064@demo.example,Accessory,4,58.19,232.76,2024-06-17,Summer
CUST_0064,Name CUST_0064,cust_0064@demo.example,Jacket,3,124.68,374.04,2024-07-11,Fall
CUST_0064,Name CUST_0064,cust_0064@demo.example,Shirt,3,126.72,380.16,2024-08-12,Winter
CUST_0064,Name CUST_0064,cust_0064@demo.example,Shoes,4,92.35,369.4,2024-08-17,Winter
CUST_0064,Name CUST_0064,cust_0064@demo.example,Jacket,3,36.51,109.53,2024-09-02,Fall
CUST_0064,Name CUST_0064,cust_0064@demo.example,Dress,1,121.12,121.12,2024-10-05,Spring
CUST_0064,Name CUST_0064,cust_0064@demo.example,Accessory,1,89.72,89.72,2024-11-27,Winter
CUST_0064,Name CUST_0064,cust_0064@demo.example,Dress,4,31.21,124.84,2024-12-10,Summer
CUST_0064,Name CUST_0064,cust_0064@demo.example,Jacket,1,143.51,143.51,2024-12-15,Summer
CUST_0065,Name CUST_0065,cust_0065@demo.example,Accessory,3,101.42,304.26,2024-01-12,Summer
CUST_0065,Name CUST_0065,cust_0065@demo.example,Accessory,3,18.17,54.51,2024-02-04,Spring
CUST_0065,Name CUST_0065,cust_0065@demo.example,Jacket,4,111.64,446.56,2024-02-19,Fall
CUST_0065,Name CUST_0065,cust_0065@demo.example,Shirt,3,69.4,208.2,2024-02-23,Spring
CUST_0065,Name CUST_0065,cust_0065@demo.example,Jacket,2,73.52,147.04,2024-04-23,Winter
CUST_0065,Name CUST_0065,cust_0065@demo.example,Shirt,4,26.62,106.48,2024-06-18,Fall
CUST_0065,Name CUST_0065,cust_0065@demo.example,Pants,4,144.27,577.08,2024-06-18,Winter
CUST_0065,Name CUST_0065,cust_0065@demo.example,Pants,1,113.76,113.76,2024-07-21,Winter
CUST_0065,Name CUST_0065,cust_0065@demo.example,Accessory,4,65.66,262.64,2024-10-30,Summer
CUST_0065,Name CUST_0065,cust_0065@demo.example,Accessory,2,37.72,75.44,2024-11-18,Winter
CUST_0065,Name CUST_0065,cust_0065@demo.example,Dress,2,60.07,120.14,2025-01-08,Winter
CUST_0065,Name CUST_0065,cust_0065@demo.example,Shoes,2,83.21,166.42,2025-01-14,Summer
CUST_0065,Name CUST_0065,cust_0065@demo.example,Shirt,2,59.61,119.22,2025-01-30,Winter
CUST_0065,Name CUST_0065,cust_0065@demo.example,Dress,2,83.91,167.82,2025-02-05,Winter
CUST_0066,Name CUST_0066,cust_0066@demo.example,Shoes,1,91.67,91.67,2024-05-22,Summer
CUST_0066,Name CUST_0066,cust_0066@demo.example,Shoes,3,128.68,386.04,2024-06-27,Summer
CUST_0066,Name CUST_0066,cust_0066@demo.example,Shirt,3,39.2,117.6,2024-07-06,Fall
CUST_0066,Name CUST_0066,cust_0066@demo.example,Shoes,4,96.36,385.44,2024-11-01,Spring
CUST_0066,Name CUST_0066,cust_0066@demo.example,Accessory,4,84.82,339.28,2024-12-09,Fall
CUST_0067,Name CUST_0067,cust_0067@demo.example,Pants,2,63.52,127.04,2024-02-29,Winter
CUST_0067,Name CUST_0067,cust_0067@demo.example,Jacket,2,55.41,110.82,2024-03-12,Spring
CUST_0067,Name CUST_0067,cust_0067@demo.example,Pants,1,78.88,78.88,2024-07-02,Winter
CUST_0067,Name CUST_0067,cust_0067@demo.example,Jacket,2,91.32,182.64,2024-08-02,Summer
CUST_0067,Name CUST_0067,cust_0067@demo.example,Jacket,2,88.58,177.16,2024-09-06,Fall
CUST_0067,Name CUST_0067,cust_0067@demo.example,Jacket,3,35.21,105.63,2024-10-02,Winter
CUST_0067,Name CUST_0067,cust_0067@demo.example,Dress,1,91.03,91.03,2024-10-08,Fall
CUST_0067,Name CUST_0067,cust_0067@demo.example,Jacket,4,68.46,273.84,2024-10-14,Winter
CUST_0067,Name CUST_0067,cust_0067@demo.example,Pants,2,55.22,110.44,2024-12-10,Fall
CUST_0067,Name CUST_0067,cust_0067@demo.example,Shoes,3,138.78,416.34,2024-12-27,Spring
CUST_0067,Name CUST_0067,cust_0067@demo.example,Shirt,4,79.44,317.76,2024-12-29,Spring
CUST_0067,Name CUST_0067,cust_0067@demo.example,Dress,2,52.31,104.62,2025-02-11,Summer
CUST_0068,Name CUST_0068,cust_0068@demo.example,Dress,4,138.79,555.16,2024-03-10,Summer
CUST_0068,Name CUST_0068,cust_0068@demo.example,Pants,2,120.31,240.62,2024-03-25,Spring
CUST_0068,Name CUST_0068,cust_0068@demo.example,Dress,1,74.06,74.06,2024-06-01,Spring
CUST_0068,Name CUST_0068,cust_0068@demo.example,Dress,3,51.93,155.79,2024-06-14,Spring
CUST_0068,Name CUST_0068,cust_0068@demo.example,Accessory,1,113.57,113.57,2024-08-05,Summer
CUST_0068,Name CUST_0068,cust_0068@demo.example,Pants,1,119.04,119.04,2024-08-12,Summer
CUST_0068,Name CUST_0068,cust_0068@demo.example,Shoes,3,85.45,256.35,2024-10-18,Summer
CUST_0068,Name CUST_0068,cust_0068@demo.example,Accessory,2,46.46,92.92,2024-12-25,Fall
CUST_0068,Name CUST_0068,cust_0068@demo.example,Jacket,1,116.88,116.88,2025-01-22,Summer
CUST_0068,Name CUST_0068,cust_0068@demo.example,Shoes,3,130.82,392.46,2025-02-19,Winter
CUST_0069,Name CUST_0069,cust_0069@demo.example,Dress,3,107.87,323.61,2024-07-25,Winter
CUST_0069,Name CUST_0069,cust_0069@demo.example,Accessory,3,92.31,276.93,2024-09-06,Spring
CUST_0069,Name CUST_0069,cust_0069@demo.example,Shirt,4,63.77,255.08,2024-11-17,Spring
CUST_0069,Name CUST_0069,cust_0069@demo.example,Accessory,4,99.61,398.44,2025-01-09,Fall
CUST_0069,Name CUST_0069,cust_0069@demo.example,Shoes,4,79.55,318.2,2025-01-24,Fall
CUST_0070,Name CUST_0070,cust_0070@demo.example,Dress,3,56.56,169.68,2024-09-10,Fall
CUST_0070,Name CUST_0070,cust_0070@demo.example,Jacket,2,90.13,180.26,2024-10-07,Fall
CUST_0070,Name CUST_0070,cust_0070@demo.example,Jacket,4,42.06,168.24,2025-02-11,Summer
CUST_0071,Name CUST_0071,cust_0071@demo.example,Pants,2,77.8,155.6,2024-01-01,Summer
CUST_0071,Name CUST_0071,cust_0071@demo.example,Pants,1,140.26,140.26,2024-01-09,Winter
CUST_0071,Name CUST_0071,cust_0071@demo.example,Dress,3,62.72,188.16,2024-02-22,Summer
CUST_0071,Name CUST_0071,cust_0071@demo.example,Dress,1,102.33,102.33,2024-05-20,Spring
CUST_0071,Name CUST_0071,cust_0071@demo.example,Accessory,2,19.15,38.3,2024-07-09,Fall
CUST_0071,Name CUST_0071,cust_0071@demo.example,Jacket,1,148.87,148.87,2024-08-21,Summer
CUST_0071,Name CUST_0071,cust_0071@demo.example,Shirt,1,43.59,43.59,2024-09-01,Spring
CUST_0071,Name CUST_0071,cust_0071@demo.example,Accessory,4,13.28,53.12,2024-09-22,Fall
CUST_0071,Name CUST_0071,cust_0071@demo.example,Dress,2,133.74,267.48,2024-12-18,Summer
CUST_0071,Name CUST_0071,cust_0071@demo.example,Shirt,2,71.23,142.46,2025-01-06,Spring
CUST_0071,Name CUST_0071,cust_0071@demo.example,Accessory,1,18.34,18.34,2025-01-25,Winter
CUST_0071,Name CUST_0071,cust_0071@demo.example,Jacket,1,148.37,148.37,2025-02-22,Summer
CUST_0072,Name CUST_0072,cust_0072@demo.example,Pants,1,96.22,96.22,2024-02-05,Winter
CUST_0072,Name CUST_0072,cust_0072@demo.example,Jacket,1,93.36,93.36,2024-03-12,Fall
CUST_0072,Name CUST_0072,cust_0072@demo.example,Pants,2,98.68,197.36,2024-06-28,Winter
CUST_0072,Name CUST_0072,cust_0072@demo.example,Pants,3,121.17,363.51,2024-08-07,Fall
CUST_0072,Name CUST_0072,cust_0072@demo.example,Shirt,4,130.67,522.68,2024-11-11,Spring
CUST_0072,Name CUST_0072,cust_0072@demo.example,Shoes,1,46.25,46.25,2024-11-26,Fall
CUST_0072,Name CUST_0072,cust_0072@demo.example,Accessory,2,100.54,201.08,2025-01-31,Summer
CUST_0072,Name CUST_0072,cust_0072@demo.example,Accessory,1,129.01,129.01,2025-02-02,Fall
CUST_0073,Name CUST_0073,cust_0073@demo.example,Shoes,2,65.38,130.76,2024-06-11,Winter
CUST_0073,Name CUST_0073,cust_0073@demo.example,Shirt,2,117.26,234.52,2024-07-06,Spring
CUST_0073,Name CUST_0073,cust_0073@demo.example,Shirt,1,84.9,84.9,2024-09-12,Fall
CUST_0073,Name CUST_0073,cust_0073@demo.example,Dress,2,115.2,230.4,2024-09-22,Spring
CUST_0073,Name CUST_0073,cust_0073@demo.example,Shirt,2,80.29,160.58,2025-02-05,Summer
CUST_0074,Name CUST_0074,cust_0074@demo.example,Shirt,1,48.18,48.18,2024-02-04,Spring
CUST_0074,Name CUST_0074,cust_0074@demo.example,Accessory,1,109.69,109.69,2024-03-02,Spring
CUST_0074,Name CUST_0074,cust_0074@demo.example,Shoes,4,143.52,574.08,2024-03-24,Fall
CUST_0074,Name CUST_0074,cust_0074@demo.example,Dress,3,29.52,88.56,2024-03-26,Spring
CUST_0074,Name CUST_0074,cust_0074@demo.example,Shirt,1,139.6,139.6,2024-05-05,Winter
CUST_0074,Name CUST_0074,cust_0074@demo.example,Shoes,1,54.77,54.77,2024-05-22,Summer
CUST_0074,Name CUST_0074,cust_0074@demo.example,Pants,4,112.73,450.92,2024-06-07,Spring
CUST_0074,Name CUST_0074,cust_0074@demo.example,Shoes,4,23.38,93.52,2024-08-04,Summer
CUST_0074,Name CUST_0074,cust_0074@demo.example,Accessory,1,54.68,54.68,2024-11-09,Summer
CUST_0074,Name CUST_0074,cust_0074@demo.example,Accessory,4,81.91,327.64,2025-02-08,Winter
CUST_0074,Name CUST_0074,cust_0074@demo.example,Jacket,2,86.02,172.04,2025-02-17,Spring
CUST_0075,Name CUST_0075,cust_0075@demo.example,Dress,3,123.38,370.14,2024-01-16,Spring
CUST_0075,Name CUST_0075,cust_0075@demo.example,Pants,4,42.98,171.92,2024-01-19,Winter
CUST_0075,Name CUST_0075,cust_0075@demo.example,Pants,4,62.23,248.92,2024-01-24,Summer
CUST_0075,Name CUST_0075,cust_0075@demo.example,Pants,4,130.59,522.36,2024-01-29,Fall
CUST_0075,Name CUST_0075,cust_0075@demo.example,Shoes,1,36.75,36.75,2024-03-02,Spring
CUST_0075,Name CUST_0075,cust_0075@demo.example,Shoes,3,118.72,356.16,2024-03-21,Spring
CUST_0075,Name CUST_0075,cust_0075@demo.example,Dress,3,89.81,269.43,2024-04-12,Summer
CUST_0075,Name CUST_0075,cust_0075@demo.example,Shirt,1,18.08,18.08,2024-04-26,Summer
CUST_0075,Name CUST_0075,cust_0075@demo.example,Shoes,1,80.47,80.47,2024-05-14,Fall
CUST_0075,Name CUST_0075,cust_0075@demo.example,Shirt,1,88.33,88.33,2024-06-16,Fall
CUST_0075,Name CUST_0075,cust_0075@demo.example,Dress,1,133.02,133.02,2024-07-24,Fall
CUST_0075,Name CUST_0075,cust_0075@demo.example,Jacket,3,93.65,280.95,2024-08-25,Summer
CUST_0075,Name CUST_0075,cust_0075@demo.example,Shirt,3,49.43,148.29,2025-01-03,Fall
CUST_0075,Name CUST_0075,cust_0075@demo.example,Jacket,2,32.78,65.56,2025-01-10,Spring
CUST_0076,Name CUST_0076,cust_0076@demo.example,Shoes,1,139.14,139.14,2024-02-17,Winter
CUST_0076,Name CUST_0076,cust_0076@demo.example,Pants,2,85.11,170.22,2024-02-23,Winter
CUST_0076,Name CUST_0076,cust_0076@demo.example,Jacket,1,116.73,116.73,2024-06-20,Fall
CUST_0076,Name CUST_0076,cust_0076@demo.example,Pants,1,146.21,146.21,2024-09-08,Fall
CUST_0076,Name CUST_0076,cust_0076@demo.example,Accessory,3,99.76,299.28,2024-10-04,Spring
CUST_0077,Name CUST_0077,cust_0077@demo.example,Jacket,2,145.64,291.28,2024-02-16,Spring
CUST_0077,Name CUST_0077,cust_0077@demo.example,Accessory,1,33.75,33.75,2024-03-02,Fall
CUST_0077,Name CUST_0077,cust_0077@demo.example,Pants,1,33.45,33.45,2024-03-10,Winter
CUST_0077,Name CUST_0077,cust_0077@demo.example,Jacket,3,129.43,388.29,2024-05-29,Fall
CUST_0077,Name CUST_0077,cust_0077@demo.example,Shirt,4,49.53,198.12,2024-06-11,Summer
CUST_0077,Name CUST_0077,cust_0077@demo.example,Shirt,4,146.49,585.96,2024-07-09,Spring
CUST_0077,Name CUST_0077,cust_0077@demo.example,Shoes,4,88.72,354.88,2024-07-26,Summer
CUST_0077,Name CUST_0077,cust_0077@demo.example,Shoes,3,68.1,204.3,2024-08-26,Fall
CUST_0077,Name CUST_0077,cust_0077@demo.example,Jacket,2,99.94,199.88,2024-09-15,Spring
CUST_0077,Name CUST_0077,cust_0077@demo.example,Pants,1,72.03,72.03,2024-10-30,Summer
CUST_0077,Name CUST_0077,cust_0077@demo.example,Pants,3,47.9,143.7,2024-12-12,Spring
CUST_0077,Name CUST_0077,cust_0077@demo.example,Dress,1,41.67,41.67,2024-12-26,Summer
CUST_0077,Name CUST_0077,cust_0077@demo.example,Jacket,2,74.36,148.72,2025-01-29,Fall
CUST_0078,Name CUST_0078,cust_0078@demo.example,Pants,1,126.59,126.59,2024-01-07,Summer
CUST_0078,Name CUST_0078,cust_0078@demo.example,Accessory,4,63.37,253.48,2024-04-11,Spring
CUST_0078,Name CUST_0078,cust_0078@demo.example,Pants,1,122.94,122.94,2024-08-24,Spring
CUST_0079,Name CUST_0079,cust_0079@demo.example,Pants,4,106.28,425.12,2024-01-16,Fall
CUST_0079,Name CUST_0079,cust_0079@demo.example,Jacket,2,101.32,202.64,2024-01-18,Winter
CUST_0079,Name CUST_0079,cust_0079@demo.example,Jacket,2,136.54,273.08,2024-02-03,Summer
CUST_0079,Name CUST_0079,cust_0079@demo.example,Jacket,3,28.91,86.73,2024-02-17,Spring
CUST_0079,Name CUST_0079,cust_0079@demo.example,Shoes,4,39.53,158.12,2024-03-11,Summer
CUST_0079,Name CUST_0079,cust_0079@demo.example,Jacket,4,125.39,501.56,2024-03-27,Winter
CUST_0079,Name CUST_0079,cust_0079@demo.example,Jacket,2,49.95,99.9,2024-04-19,Summer
CUST_0079,Name CUST_0079,cust_0079@demo.example,Shoes,4,59.48,237.92,2024-09-02,Fall
CUST_0079,Name CUST_0079,cust_0079@demo.example,Dress,4,20.42,81.68,2024-10-08,Winter
CUST_0079,Name CUST_0079,cust_0079@demo.example,Shirt,3,138.61,415.83,2024-10-27,Spring
CUST_0079,Name CUST_0079,cust_0079@demo.example,Accessory,1,148.54,148.54,2024-11-18,Fall
CUST_0080,Name CUST_0080,cust_0080@demo.example,Jacket,3,20.09,60.27,2024-01-16,Fall
CUST_0080,Name CUST_0080,cust_0080@demo.example,Dress,2,44.64,89.28,2024-03-29,Fall
CUST_0080,Name CUST_0080,cust_0080@demo.example,Shoes,2,15.6,31.2,2024-05-18,Summer
CUST_0080,Name CUST_0080,cust_0080@demo.example,Jacket,2,127.46,254.92,2024-10-15,Fall
CUST_0080,Name CUST_0080,cust_0080@demo.example,Dress,1,109.08,109.08,2024-10-29,Summer
CUST_0080,Name CUST_0080,cust_0080@demo.example,Accessory,2,48.78,97.56,2024-12-02,Spring
CUST_0080,Name CUST_0080,cust_0080@demo.example,Jacket,2,91.45,182.9,2025-01-26,Fall
CUST_0080,Name CUST_0080,cust_0080@demo.example,Shirt,2,146.41,292.82,2025-01-27,Summer
